image_id,image_url
1,https://unsplash.com/photos/a-man-standing-on-a-sidewalk-wearing-a-leather-jacket-MXdN_hoGK6M
2,https://unsplash.com/photos/a-man-in-a-suit-and-tie-leaning-against-a-wall-rB0bUyDrDEE
3,https://unsplash.com/photos/a-man-in-a-black-shirt-is-looking-at-the-camera-mOCdKgeE1iw
4,https://unsplash.com/photos/a-close-up-of-a-person-with-curly-hair-ih03D0F6M6M
5,https://unsplash.com/photos/a-woman-in-a-fur-coat-standing-in-front-of-a-building-rTDyL6iCGNE
6,https://unsplash.com/photos/a-man-with-a-beard-and-a-white-t-shirt-vz5afU8OCig
7,https://unsplash.com/photos/a-man-with-a-bald-head-wearing-glasses-paYQUpAiBqs
8,https://unsplash.com/photos/a-woman-leaning-against-a-wall-with-her-eyes-closed-om0VadvLPng
9,https://unsplash.com/photos/a-woman-standing-in-front-of-a-building-at-night-MLIWMkPltp4
10,https://unsplash.com/photos/a-man-in-a-white-shirt-and-tie-looking-off-into-the-distance-ObMfh69zthE
11,https://unsplash.com/photos/woman-in-brown-button-up-shirt-FJ2QW7Mx2sE
12,https://unsplash.com/photos/a-woman-wearing-a-brown-vest-and-a-beaded-necklace-0Jhkw8Am_rQ
13,https://unsplash.com/photos/woman-brown-coat-kgCRXp1oGtI
14,https://unsplash.com/photos/woman-poses-in-front-of-the-ocean-r506oQptnd8
15,https://unsplash.com/photos/a-man-wearing-a-black-shirt-and-a-cross-necklace-8CN8obE5o5k
16,https://unsplash.com/photos/handsome-man-stares-intensely-at-the-camera-X0-m8Y3jSYM
17,https://unsplash.com/photos/a-young-woman-poses-with-a-slight-smile-bhV4DjSXdSI
18,https://unsplash.com/photos/a-man-with-a-beard-smiling-at-the-camera-zjlzx5sFAeI
19,https://unsplash.com/photos/a-man-with-a-beard-and-a-green-shirt-hvUN_c753_M
20,https://unsplash.com/photos/woman-in-gray-knit-sweater-standing-near-body-of-water-during-daytime-mVeN2wpR87o
21,https://unsplash.com/photos/a-woman-sitting-on-a-ledge-with-a-city-in-the-background-zSlRoj9DYV0
22,https://unsplash.com/photos/a-young-man-leaning-against-a-tree-in-a-park-krhxnfG5esw
23,https://unsplash.com/photos/a-man-wearing-glasses-and-a-black-shirt-iEEBWgY_6lA
24,https://unsplash.com/photos/a-man-standing-in-front-of-a-blue-building-CbyB80mjCVM
25,https://unsplash.com/photos/a-man-in-a-white-shirt-looking-at-the-camera-0szhmTrnSnY
26,https://unsplash.com/photos/a-woman-standing-on-a-beach-next-to-the-ocean-b2Yq2S0Jn5s
27,https://unsplash.com/photos/a-young-man-in-a-blue-sweater-leaning-against-a-wall-2dL2oHbW29I
28,https://unsplash.com/photos/a-woman-in-a-red-sweater-leaning-against-a-wall-wdwVGSB3PzQ
29,https://unsplash.com/photos/woman-wearing-black-long-sleeved-shirt-on-snow-field-u3L8vqsywqQ
30,https://unsplash.com/photos/close-up-photography-of-girl-in-black-top-during-daytime-7fzINre0NQE
31,https://unsplash.com/photos/smiling-girl-in-blue-denim-jacket-IVrtlceLSzs
32,https://unsplash.com/photos/man-wearing-henley-top-portrait-7YVZYZeITc8
33,https://unsplash.com/photos/a-man-with-a-beard-and-a-blue-shirt-uHwT183HKSw
34,https://unsplash.com/photos/a-man-poses-in-front-of-a-white-wall-h-g5_qkj0P0
35,https://unsplash.com/photos/a-man-in-a-blue-suit-standing-in-front-of-a-red-curtain-8OikdXQa1vE
36,https://unsplash.com/photos/a-man-standing-in-front-of-a-brick-wall-hnKGJ4dXsYE
37,https://unsplash.com/photos/a-man-in-a-black-shirt-looking-at-the-camera-rUQUhU4oGHU
38,https://unsplash.com/photos/a-man-in-a-gray-shirt-is-on-the-beach-HfhJ1n6_1cs
39,https://unsplash.com/photos/a-man-with-a-scarf-around-his-neck-jgNXWTEM7pA
40,https://unsplash.com/photos/a-man-with-a-beard-wearing-a-brown-hoodie-BfmddIvZKwU
41,https://unsplash.com/photos/a-woman-standing-in-front-of-a-clock-tower-HikfwfCXz5s
42,https://unsplash.com/photos/man-in-black-crew-neck-shirt-COdSfHltv8E
43,https://unsplash.com/photos/a-woman-with-long-hair-wnxk7QV93rA
44,https://unsplash.com/photos/man-wearing-black-shirt-jxE_5_HqSJY
45,https://unsplash.com/photos/a-man-sitting-on-top-of-a-bed-wearing-a-blue-shirt-r_9YCGBH8Q0
46,https://unsplash.com/photos/a-young-man-standing-in-front-of-a-tree-yBOKMHPk880
47,https://unsplash.com/photos/a-man-with-a-beard-and-a-chain-dmPc9GiWS5g
48,https://unsplash.com/photos/a-man-with-a-mustache-and-a-black-shirt-4fvJt0WTXK4
49,https://unsplash.com/photos/a-man-in-a-green-shirt-looking-at-the-camera-PcW-mKVF3oY
50,https://unsplash.com/photos/a-woman-wearing-a-necklace-and-a-white-shirt-hJhLXWDq2Zc
51,https://unsplash.com/photos/a-woman-with-a-green-shirt-is-posing-for-a-picture-gKzxWyJmKLQ
52,https://unsplash.com/photos/a-close-up-of-a-person-wearing-a-necklace-fnWhPF_TQ8I
53,https://unsplash.com/photos/a-woman-with-blue-eyes-and-a-white-shirt-FXsEAQi1sXc
54,https://unsplash.com/photos/a-woman-in-a-black-dress-wearing-a-necklace-GVkG9k0iLP0
55,https://unsplash.com/photos/a-woman-standing-in-front-of-a-brick-building-PFe2Cbtnbqc
56,https://unsplash.com/photos/a-woman-in-a-purple-dress-with-a-tiara-IASALRoN8y8
57,https://unsplash.com/photos/a-woman-with-red-hair-wearing-a-black-top-TL0ngVeEyYY
58,https://unsplash.com/photos/a-young-man-in-a-black-suit-posing-for-a-picture-EIEfx7uSEzw
59,https://unsplash.com/photos/a-man-in-a-suit-and-tie-standing-in-front-of-a-window-03G7TnDvE30
60,https://unsplash.com/photos/a-woman-with-long-black-hair-wearing-a-necklace-rQVtkgvo43Q
61,https://unsplash.com/photos/a-woman-in-a-brown-shirt-is-posing-for-a-picture-aVfitwuLwgE
62,https://unsplash.com/photos/a-man-in-a-white-shirt-is-looking-up-ish3prhpLsA
63,https://unsplash.com/photos/a-man-standing-in-front-of-a-store-G_yUV7HuBCA
64,https://unsplash.com/photos/a-woman-wearing-a-blue-shirt-and-a-brown-jacket-dFNactH0V3I
65,https://unsplash.com/photos/a-man-with-curly-hair-in-a-floral-shirt-LvPRNMgCR5E
66,https://unsplash.com/photos/a-young-man-sitting-on-a-rock-in-the-rain-rreu48CBhBI
67,https://unsplash.com/photos/a-woman-in-a-red-and-black-shirt-smiling-su4_H4I71hk
68,https://unsplash.com/photos/man-in-blue-crew-neck-shirt-v3ACOJ3g1dw
69,https://unsplash.com/photos/a-close-up-of-a-person-with-a-beard-YYEu4mS40gI
70,https://unsplash.com/photos/a-young-man-standing-in-front-of-a-wall--snqvXYRJ68
71,https://unsplash.com/photos/a-man-with-a-goatee-standing-in-a-desert-ZfG7LQ0jEsE
72,https://unsplash.com/photos/a-man-poses-with-a-serious-expression-XX-giKGKH4s
73,https://unsplash.com/photos/a-man-in-a-black-shirt-posing-for-a-picture-dChEZwG-EYk
74,https://unsplash.com/photos/a-man-standing-in-front-of-a-building-ebrUNrXG1DU
75,https://unsplash.com/photos/a-young-man-in-a-black-hoodie-looking-off-into-the-distance-GuhVP5igX8Q
76,https://unsplash.com/photos/a-man-with-a-beard-standing-in-front-of-a-building-LiGVe5PfbVc
77,https://unsplash.com/photos/a-man-with-a-beard-wearing-a-gray-shirt-98ABsjiKYKk
78,https://unsplash.com/photos/a-man-with-a-shaved-head-and-a-black-shirt-rgkpL0SrrmI
79,https://unsplash.com/photos/a-young-man-in-a-black-shirt-is-posing-for-a-picture-IOPQYzdGY04
80,https://unsplash.com/photos/a-man-with-a-beard-standing-on-a-tennis-court-3JcTaL3Aj4A
81,https://unsplash.com/photos/a-man-with-his-arms-crossed-standing-in-front-of-a-street-SlNETEyJRUs
82,https://unsplash.com/photos/a-man-with-a-mustache-0HVK2m4IOOk
83,https://unsplash.com/photos/a-man-smiling-at-the-camera-sTQ2zBOp5X8
84,https://unsplash.com/photos/a-man-in-a-white-lab-coat-smiles-at-the-camera-5vfc-1KQLtE
85,https://unsplash.com/photos/a-smiling-young-woman-poses-for-a-portrait-F6o1X7Rb1m8
86,https://unsplash.com/photos/a-woman-standing-in-front-of-a-wooden-door-dT_E1QE7MKw
87,https://unsplash.com/photos/a-woman-in-a-turtle-neck-sweater-looking-at-the-camera-YmOl8Kgaor4
88,https://unsplash.com/photos/a-woman-standing-in-front-of-a-window-GOFJhVPZLg4
89,https://unsplash.com/photos/a-woman-with-long-hair-standing-in-front-of-a-fence-lFpTYsUYqeQ
